scope	method	manuscript specification	public implementation	status	audit note
core	Statistical environment	R 4.3.1; Python 3.10.11; two-sided tests; BH where applicable	environment.yml; renv.lock	PASS	Runtime and Git commit are recorded with each workflow
single_cell	Library preparation and alignment	BD Rhapsody whole-transcriptome workflow; vendor pipeline	data/README.md	DOCUMENTED_EXTERNAL	Raw FASTQ and vendor outputs are not redistributed
single_cell	Cell quality control	300-6000 detected genes; mitochondrial RNA <30%; hemoglobin RNA <3%	workflows/single_cell/01_process_scrna.R	PASS	Thresholds are locked in config/parameters.yaml
single_cell	Normalization and feature selection	LogNormalize scale factor 10000; 2000 highly variable genes	workflows/single_cell/01_process_scrna.R	PASS	Uses the RNA assay
single_cell	Batch correction	Harmony by orig.ident using 20 PCs	workflows/single_cell/01_process_scrna.R	PASS	Dimensions are configuration controlled
single_cell	Graph clustering and embeddings	SNN clustering; UMAP; t-SNE	workflows/single_cell/01_process_scrna.R	PASS	Seurat graph workflow is explicit
single_cell	Manual cell-type annotation	Canonical lineage markers followed by manual review	workflows/single_cell/01b_annotation_and_markers.R	PASS	Marker evidence is exported; biological labels remain curator-reviewed
single_cell	Cluster markers	Seurat FindAllMarkers	workflows/single_cell/01b_annotation_and_markers.R	PASS	Wilcoxon thresholds and FDR are explicit
single_cell	Lineage subclustering	Subclustering of indicated epithelial, immune and stromal compartments	workflows/single_cell/01c_lineage_subclustering.R	PASS	One configurable workflow is reused across lineages and external BLCA scRNA-seq
single_cell	Marker heatmaps and enrichment	ClusterGVis heatmap plus cluster-level GO enrichment	workflows/single_cell/08_marker_visualization.R	PASS	Package-native output is retained
single_cell	Marker density	Nebulosa gene-density maps	workflows/single_cell/08_marker_visualization.R	PASS	Only detected genes are plotted
single_cell	inferCNV primary reference	Adjacent-tissue epithelial cells as reference; cutoff 0.1; HMM disabled	workflows/single_cell/02a_infercnv_adjacent_epithelial_reference.R	PASS	This matches the manuscript Methods and local final script
single_cell	inferCNV sensitivity reference	Immune, stromal and endothelial cells as within-sample reference	workflows/single_cell/02_infercnv_non_epi_reference.R	PASS_RETAINED_SENSITIVITY	Kept as a labeled sensitivity workflow rather than replacing the primary analysis
single_cell	Malignant-cell classification	Squared rescaled CNV score; top 10% reference profile; score >0.0005 and correlation >0.2	workflows/single_cell/02a_infercnv_adjacent_epithelial_reference.R	PASS	Thresholds are configuration locked
single_cell	Developmental potential	CytoTRACE2 with default scoring workflow	workflows/single_cell/04_cytotrace2.R	PASS	Input and species checks are explicit
single_cell	Primary pseudotime	Monocle2; mean expression >0.1; detected in >=10 cells; top 1000 DEGs; DDRTree; orderCells	workflows/single_cell/03_trajectory_analysis.R	PASS	Cancer_c0 is used as the malignant root program
single_cell	Trajectory robustness	Monocle3 executed through SCOP	workflows/single_cell/03b_monocle3_robustness.R	PASS	Uses scop::RunMonocle3 as in the final local code
single_cell	Transcription-factor network	pySCENIC GRNBoost; RcisTarget motif pruning; AUCell	workflows/single_cell/05_pyscenic.sh	PASS	Third-party databases and package source are not redistributed
single_cell	Differential expression	Seurat marker testing followed by multiple-testing correction	workflows/single_cell/01b_annotation_and_markers.R	PASS	Marker tables feed enrichment and figure modules
single_cell	GO and KEGG enrichment	clusterProfiler over significant marker genes	workflows/single_cell/06_functional_enrichment.R	PASS	Enrichment tables retain adjusted P values
single_cell	Hallmark GSEA	Ranked gene statistics with clusterProfiler GSEA	workflows/single_cell/06_functional_enrichment.R	PASS	Implemented in the shared enrichment workflow
single_cell	AUCell activity	Gene-set activity at single-cell resolution	workflows/single_cell/07_pathway_activity.R	PASS	Gene-set input remains configurable
single_cell	PROGENy activity	Human PROGENy network using top 500 responsive genes	workflows/single_cell/07_pathway_activity.R	PASS	Parameters are recorded in output metadata
single_cell	Relative observed-to-expected composition	Pooled observed/expected heatmap plus negative-binomial sample-level inference	workflows/single_cell/09_roe_composition.R	METHOD_TEXT_MISMATCH_RESOLVED	Local figure code used sscVis chi-square summaries whereas Methods stated negative binomial; the two outputs are now kept separate
single_cell	CellChat communication	CellChatDB.human; minimum 10 cells per group	workflows/communication/01_cellchat.R	PASS	Single-cell and spatial CellChat are separate scripts
single_cell	NicheNet sender-receiver analysis	SPP1 TAM sender and FAP myCAF receiver ligand-target prioritization	workflows/communication/02_nichenet_tam_to_mycaf.R	PASS	This is an article-level candidate-signaling workflow
single_cell	scTenifoldKnk perturbation	SPP1 malignant-epithelial knockout plus SPP1 and FAP TME target checks	workflows/perturbation/01_spp1_virtual_knockout.R; workflows/perturbation/02_sctenifoldknk_tme_targets.R	PASS	Epithelial-intrinsic and TME perturbations are not conflated
genetics	scPagwas GWAS integration	Legacy scPagwas_main; FinnGen R12; GRCh38; manuscript parameter set	workflows/genetics/01_scpagwas.R	PASS	Official resampling outputs are retained
genetics	scPagwas cell-level FDR	100 random background gene sets; BH Random_Correct_BG_adjp	workflows/genetics/02_prepare_scpagwas_tables.R	PASS	Fig. S3B uses the cell-level column
genetics	scPagwas cell-type FDR	200 bootstrap iterations; BH-adjusted bp_value	workflows/genetics/02_prepare_scpagwas_tables.R	PASS	Fig. S3C uses the cell-type column
genetics	SPP1 PheW-MR	SMR over UK Biobank phenotypes; >500 cases; HEIDI p >0.1; BH FDR <0.05	workflows/genetics/03_phewas_mr_spp1.R; config/phewas_mr.example.yaml	PASS	The official SMR binary and restricted summary statistics remain external
bulk_clinical	CIBERSORTx deconvolution	CIBERSORTx-derived cell-state proportions for bulk cohorts	workflows/bulk_clinical_validation/02_japan_utuc_validation.R	DOCUMENTED_EXTERNAL	The web service/tool output is an input; CIBERSORTx source is not copied
bulk_clinical	ESTIMATE scores	ImmuneScore and StromalScore from bulk expression	workflows/bulk_clinical_validation/00_prepare_bulk_scores.R	PASS	ESTIMATE inputs and generated GCT intermediates remain inside the selected output directory
bulk_clinical	BASE47 GSVA	Basal and Luminal GSVA; subtype score equals Basal minus Luminal	workflows/bulk_clinical_validation/00_prepare_bulk_scores.R	PASS	BASE47 definitions are supplied as a program-gene table
bulk_clinical	Subtype-by-stage models	score ~ subtype score times stage linear models	workflows/bulk_clinical_validation/03_external_blca_validation.R	PASS	ImmuneScore and StromalScore are specified in configuration
bulk_clinical	Survival and ROC	DSS log-rank; Cox; five-year timeROC; pROC; maximally selected cut points	workflows/bulk_clinical_validation/01_subtype_clinical_analysis.R	PASS	DSS time is configured in months with a 60-month horizon
spatial	Space Ranger preprocessing	GRCh38 alignment and Space Ranger feature-barcode matrices	workflows/spatial/01_visium_preprocessing.R	DOCUMENTED_EXTERNAL	Space Ranger is an upstream vendor CLI; raw images are not distributed
spatial	cell2location reference model	RegressionModel; orig.ident batch; second_celltype_byhand labels; 250 epochs	workflows/spatial/cell2location/01_reference_signatures.py	PASS	Official cell2location interface
spatial	cell2location spatial mapping	Raw counts; N_cells_per_location 30; detection_alpha 20; 50000 epochs	workflows/spatial/cell2location/02_spatial_mapping.py	PASS	batch_size None and train_size 1 are locked
spatial	cell2location posterior summaries	Posterior mean, q05 and q95 export	workflows/spatial/cell2location/03_export_abundance.py	PASS	q05 is the conservative default; mean is reserved for declared continuous profiles
spatial	Spatial niches	q05 abundance kNN; 15 neighbors; Leiden resolution 0.3	workflows/spatial/cell2location/04_spatial_niches.py	PASS	Spot-by-state abundance and niche labels are exported
spatial	Cell-state spatial correlation	Within-section Spearman correlation of inferred abundances	workflows/spatial/07_cellstate_correlation_colocalization.R	PASS	No spots are pooled across sections
spatial	Ordinal cell-state co-localization	Three equal-width abundance levels multiplied per spot	workflows/spatial/07_cellstate_correlation_colocalization.R	PASS	Continuous joint abundance is exported under a separate name
spatial	SpaGene ligand-receptor co-localization	kNN ligand-receptor spatial analysis	workflows/spatial/08_spagene_lr_colocalization.R	PASS	Global SpaGene results and spot-level neighbor scores are separate
spatial	SpaCET spatial pathway scoring	Hallmark, cancer-cell-state, TLS and custom gene-set scores	workflows/spatial/09_spacet_gene_set_scores.R	PASS	SpaCET quality control precedes scoring
spatial	Spatial CellChat	Spatial coordinates and scale factors; distance and contact constraints	workflows/communication/03_cellchat_spatial.R	PASS	CellChatDB.human and minimum 10 cells are retained
spatial	Visium HD deconvolution	GSE299573 RCTD doublet mode	workflows/spatial/06_external_rctd.R; config/rctd_gse299573.example.yaml	PASS	RCTD proportions feed local niche co-enrichment
spatial	Visium HD niche co-enrichment	Same-bin and kNN SPP1 TAM-FAP myCAF scores	workflows/spatial/10_visiumhd_niche_colocalization.R	PASS	This is external spatial validation, not Japan-UTUC
spatial	External Visium deconvolution	GSE319536 RCTD full mode across 22 sections	workflows/spatial/06_external_rctd.R; config/rctd_gse319536.example.yaml	PASS	Weights are aligned and row normalized
spatial	External Basal-luminal axis	UCell Basal and luminal programs; epithelial anchor; continuous axis	workflows/spatial/11a_prepare_external_visium_scores.R	PASS	The axis is computed per section
spatial	External Visium continuous validation	Exact graph rings 0-2; section-level GAM; paired upper-lower comparisons	workflows/spatial/11_external_visium_basal_axis.R	PASS	Section is the independent unit
spatial	GeoMx ROI validation	GSE296955 composite program scores; ROI-level Spearman; BH correction	workflows/spatial/12_geomx_roi_validation.R	PASS	ROI data are not represented as spot-level spatial adjacency
spatial	Multiscale pair burden	q05 density scaling over exact Visium graph rings 0-2	workflows/spatial/02_multiscale_pair_burden.py	PASS	The two prespecified ecosystems remain separate
spatial	Permutation spatial enrichment	500 within-section positional permutations; empirical upper-tail P	workflows/spatial/02_multiscale_pair_burden.py	PASS	Section labels and spot geometry are preserved
spatial	Tumor-boundary inference	Posterior-mean malignant fraction; section threshold; stGrads 2.0	workflows/spatial/03_prepare_boundary_input.py; workflows/spatial/04_infer_boundary_stgrads.R	PASS	Posterior mean use is explicitly isolated from q05 burden
spatial	Signed-distance profiles	Within-section z score; -6 to +6 spot spacings; GAM REML	workflows/spatial/05_boundary_profiles.R	PASS	Profiles are fitted section by section
scope_control	CARD exploratory deconvolution	Present in local exploratory code but absent from the current Methods	manifests/manuscript_method_audit.tsv	EXPLORATORY_NOT_FINAL	Not presented as a formal manuscript workflow
scope_control	MISTy exploratory modeling	Present in local exploratory code but absent from the current Methods	manifests/manuscript_method_audit.tsv	EXPLORATORY_NOT_FINAL	Not presented as a formal manuscript workflow
scope_control	Omicverse spatial NMF	Present in local exploratory code but absent from the current Methods	manifests/manuscript_method_audit.tsv	EXPLORATORY_NOT_FINAL	Not presented as a formal manuscript workflow
scope_control	PAGA Slingshot and scVelo	Present in local exploratory trajectory code but not the stated final trajectory Methods	manifests/manuscript_method_audit.tsv	EXPLORATORY_NOT_FINAL	Monocle2 and SCOP Monocle3 are the formal public workflows
scope_control	DoubletFinder	Present in local preprocessing experiments but not described in the current Methods	manifests/manuscript_method_audit.tsv	EXPLORATORY_NOT_FINAL	Not silently added to the public primary QC chain
